City_ID,City,Lat,Lng,Max Temp,Humidity,Cloudiness,Wind Speed,Country,Date
0,yellowknife,62.456,-114.3525,-3.71,80,100,6.69,CA,1730175890
1,zarumilla,-3.5031,-80.2731,22.27,82,100,1.7,PE,1730175891
2,badger,64.8,-147.5333,-5.57,87,100,1.54,US,1730175892
3,kismayo,-0.3582,42.5454,26.16,74,62,3.97,SO,1730175893
4,waitangi,-43.9535,-176.5597,14.34,85,28,1.79,NZ,1730175894
5,nar'yan-mar,67.6713,53.087,1.05,84,100,6.85,RU,1730175895
6,longyearbyen,78.2186,15.6401,-1.09,93,75,2.06,SJ,1730175897
7,stanley,54.868,-1.6985,11.82,97,75,2.06,GB,1730175898
8,papatowai,-46.5619,169.4708,11.99,54,43,5.7,NZ,1730175899
9,grytviken,-54.2811,-36.5092,-0.31,96,100,2.37,GS,1730175900
10,margaret river,-33.95,115.0667,23.04,55,13,6.18,AU,1730175901
11,edinburgh of the seven seas,-37.0676,-12.3116,13.04,71,0,8.4,SH,1730175902
12,hawaiian paradise park,19.5933,-154.9731,24.73,95,40,1.54,US,1730175903
13,basoko,1.2391,23.616,21.95,95,39,0.07,CD,1730175904
14,queenstown,-31.8976,26.8753,9.52,78,14,2.74,ZA,1730175760
15,avarua,-21.2078,-159.775,24.03,73,75,5.14,CK,1730175907
16,iqaluit,63.7506,-68.5145,-6.15,92,75,3.09,CA,1730175908
17,isafjordur,66.0755,-23.124,1.34,94,100,3.41,IS,1730175909
18,kui buri,12.0828,99.8543,24.51,95,100,2.69,TH,1730175910
19,minas de marcona,-15.2119,-75.1103,13.26,83,21,2.84,PE,1730175911
20,thompson,55.7435,-97.8558,2.09,87,100,5.14,CA,1730175912
21,la mira,18.035,-102.3266,24.61,87,0,1.86,MX,1730175913
22,san luis,-33.295,-66.3356,21.45,38,7,3.58,AR,1730175644
23,mujiayingzi,42.1167,118.7833,12.09,44,40,8.61,CN,1730175916
24,tiksi,71.6872,128.8694,-21.6,99,96,1.57,RU,1730175918
25,adamstown,-25.066,-130.1015,21.05,75,16,3.1,PN,1730175919
26,talnakh,69.4865,88.3972,-8.75,95,95,3.12,RU,1730175920
27,udachny,66.4167,112.4,-20.8,99,95,2.22,RU,1730175921
28,crane,31.3974,-102.3501,22.09,36,0,12.36,US,1730175922
29,walvis bay,-22.9575,14.5053,10.53,100,0,1.54,NA,1730175923
30,port-aux-francais,-49.35,70.2167,2.48,89,98,8.3,TF,1730175925
31,aginskoye,51.1,114.53,4.87,61,36,3.62,RU,1730175926
32,utrik,11.2278,169.8474,28.75,76,36,4.66,MH,1730175927
33,east london,-33.0153,27.9116,17.52,67,0,4.12,ZA,1730175928
34,daru,-9.0763,143.2092,29.06,74,100,6.82,PG,1730175929
35,pacocha,-17.5833,-71.3333,17.73,82,62,0.41,PE,1730175930
36,port elizabeth,-33.918,25.5701,16.84,99,100,9.26,ZA,1730175934
37,wewak,-3.5534,143.6268,27.78,77,99,2.93,PG,1730175935
38,la passe,45.5549,-0.8967,12.91,92,11,2.54,FR,1730175936
39,margate,51.3813,1.3862,13.82,91,84,4.06,GB,1730175937
40,alotau,-10.3069,150.4462,26.87,88,100,2.16,PG,1730175938
41,bredasdorp,-34.5322,20.0403,13.99,92,4,2.24,ZA,1730175939
42,puerto natales,-51.7236,-72.4875,8.42,82,82,5.39,CL,1730175940
43,palikir - national government center,6.9248,158.1611,32.41,70,75,5.14,FM,1730175941
44,yantzaza,-3.8278,-78.7594,19.27,99,99,0.66,EC,1730175943
45,saipan,15.1355,145.701,32.39,74,40,5.14,MP,1730175944
46,axim,4.8699,-2.2405,25.18,89,99,2.56,GH,1730175945
47,alice springs,-23.7,133.8833,32.75,8,84,5.66,AU,1730175946
48,susuman,62.7833,148.1667,-13.85,87,100,1.31,RU,1730175947
49,salamanca,40.8333,-6.0,9.74,91,0,6.29,ES,1730175948
50,santa cruz,-17.8,-63.1667,24.7,78,20,1.54,BO,1730175949
51,wailua homesteads,22.0669,-159.378,23.96,89,100,2.24,US,1730175950
52,fort mcmurray,56.7268,-111.381,-0.23,74,100,5.14,CA,1730175951
53,ribeira grande,38.5167,-28.7,18.21,70,45,1.79,PT,1730175953
54,angaur state,6.906,134.13,27.92,77,100,6.72,PW,1730175954
55,college,64.8569,-147.8028,-5.52,86,100,1.54,US,1730175955
56,freetown,8.484,-13.2299,25.78,84,82,1.66,SL,1730175956
57,albu kamal,34.45,40.9186,14.94,28,0,2.08,SY,1730175957
58,keflavik,64.0049,-22.5624,5.24,87,75,10.8,IS,1730175958
59,mount isa,-20.7333,139.5,37.87,19,40,2.57,AU,1730175959
60,sitka,57.0531,-135.33,6.94,81,75,3.6,US,1730175961
61,carnarvon,-24.8667,113.6333,26.7,56,0,7.4,AU,1730175962
62,khanty-mansiysk,61.0042,69.0019,0.06,100,75,4.0,RU,1730175964
63,jamestown,42.097,-79.2353,8.8,78,0,2.57,US,1730175965
64,kem',64.9555,34.5793,2.86,76,98,5.39,RU,1730175966
65,vorgashor,67.5833,63.95,-2.61,96,100,5.01,RU,1730175967
66,baiyin,36.5583,104.2081,11.3,60,98,4.38,CN,1730175968
67,sola,-13.8833,167.55,25.78,81,100,2.68,VU,1730175970
68,zykovo,55.9519,93.1461,6.34,66,100,5.68,RU,1730175971
69,nova sintra,14.8667,-24.7167,25.67,69,37,6.66,CV,1730175972
70,bamboo flat,11.7,92.7167,29.38,67,32,2.15,IN,1730175973
71,vilyuchinsk,52.9306,158.4028,3.15,80,100,7.36,RU,1730175974
72,veydelevka,50.1521,38.4492,7.98,73,98,2.45,RU,1730175975
73,bethel,41.3712,-73.414,8.34,87,55,1.21,US,1730175976
74,port saint john's,-31.6229,29.5448,19.25,70,84,1.3,ZA,1730175977
75,senador jose porfirio,-2.5908,-51.9542,25.86,63,14,1.72,BR,1730175978
76,albany,42.6001,-73.9662,1.92,70,18,0.72,US,1730175755
77,ust-nera,64.5667,143.2,-17.04,95,84,1.26,RU,1730175981
78,luderitz,-26.6481,15.1594,14.73,77,0,5.87,NA,1730175692
79,barah,13.7,30.3667,23.37,16,6,4.04,SD,1730175983
80,mount gambier,-37.8333,140.7667,18.47,53,12,4.14,AU,1730175984
81,dongcun,36.7767,121.1597,17.19,40,0,1.85,CN,1730175985
82,kruisfontein,-34.0033,24.7314,15.66,94,100,8.85,ZA,1730175986
83,miahuatlan de porfirio diaz,16.3333,-96.6,16.27,94,97,2.56,MX,1730175987
84,dingwall,57.5953,-4.4272,7.99,95,84,2.55,GB,1730175989
85,gursarai,25.6148,79.1788,29.03,54,2,1.64,IN,1730175991
86,priozersk,61.0393,30.1291,2.83,85,14,3.69,RU,1730175992
87,bosobolo,4.1833,19.9,21.9,95,11,1.37,CD,1730175993
88,santa ana de yacuma,-13.75,-65.4333,25.97,65,55,1.57,BO,1730175994
89,iskateley,67.6803,53.1512,1.0,84,100,6.83,RU,1730175995
90,blackmans bay,-43.0167,147.3167,20.85,47,13,2.7,AU,1730175997
91,kailua-kona,19.6406,-155.9956,25.86,94,93,2.4,US,1730175998
92,ewo,-0.8725,14.8206,21.67,96,83,1.92,CG,1730175999
93,santiago de cao,-7.9589,-79.2392,16.07,88,56,3.09,PE,1730176000
94,arica,-18.475,-70.3042,18.13,72,100,1.54,CL,1730175708
95,songea,-10.6833,35.65,19.54,82,6,2.69,TZ,1730176002
96,lucea,18.451,-78.1736,26.92,84,88,6.78,JM,1730176003
97,lafia,8.4833,8.5167,22.64,64,7,1.18,NG,1730176004
98,severnoye,56.3491,78.3619,2.08,84,100,4.37,RU,1730176006
99,lata,40.1629,-8.3327,10.23,87,0,2.18,PT,1730176007
100,kodiak,57.79,-152.4072,6.73,100,100,3.6,US,1730176008
101,holualoa,19.6228,-155.9522,23.79,93,93,1.94,US,1730176009
102,urangan,-25.3,152.9,25.42,54,0,5.75,AU,1730176010
103,afaahiti,-17.75,-149.2833,23.24,71,93,7.72,PF,1730176011
104,nadi,-17.8,177.4167,28.0,69,75,5.14,FJ,1730176012
105,tolanaro,-25.0319,46.9987,25.04,88,40,7.2,MG,1730176014
106,qaqortoq,60.7167,-46.0333,-0.18,96,100,2.48,GL,1730176090
107,enewetak,11.3474,162.3373,28.84,74,81,5.21,MH,1730176091
108,atafu village,-8.5421,-172.5159,28.31,71,95,1.88,TK,1730176092
109,olonkinbyen,70.9221,-8.7187,-4.12,89,100,7.55,SJ,1730176093
110,ushuaia,-54.8,-68.3,5.81,65,0,0.51,AR,1730175523
111,lang suan,9.9456,99.0785,30.78,64,79,3.09,TH,1730176095
112,kitui,-1.367,38.0106,17.92,87,98,1.29,KE,1730175583
113,puerto ayora,-0.7393,-90.3518,19.91,85,54,4.07,EC,1730176098
114,qamdo,31.1667,97.2333,9.53,29,81,3.66,CN,1730176099
115,semera,11.501,41.201,25.2,56,22,3.56,ET,1730176101
116,invercargill,-46.4,168.35,11.68,65,27,5.81,NZ,1730176102
117,olavarria,-36.8927,-60.3225,16.12,43,0,2.68,AR,1730176103
118,rosario oeste,-14.8361,-56.4275,23.4,95,100,0.76,BR,1730176105
119,bilibino,68.0546,166.4372,-21.27,95,89,1.57,RU,1730176106
120,elbeuf,49.2867,1.0029,10.37,94,100,2.06,FR,1730176107
121,kisangani,0.5167,25.2,21.05,99,95,0.4,CD,1730176108
122,zaragoza,41.6561,-0.8773,15.01,73,75,3.09,ES,1730176109
123,al khafji,28.4391,48.4913,21.11,32,0,5.05,SA,1730176110
124,laguna,38.421,-121.4238,15.1,67,0,3.6,US,1730176111
125,amahai,-3.3333,128.9167,29.15,72,93,4.33,ID,1730176112
126,kununurra,-15.7667,128.7333,39.99,25,20,7.2,AU,1730176115
127,katabu,-4.9333,122.5167,34.78,43,95,1.51,ID,1730176116
128,naryn,41.4287,75.9911,0.38,55,28,0.78,KG,1730176117
129,akureyri,65.6835,-18.0878,3.96,81,75,1.54,IS,1730176118
130,sanctuary point,-35.1114,150.629,18.87,56,10,4.76,AU,1730176119
131,tabou,4.423,-7.3528,24.42,93,99,2.02,CI,1730176120
132,fisterra,42.9049,-9.2629,15.23,79,42,7.07,ES,1730176122
133,petropavl,54.8753,69.1628,-0.01,100,100,2.0,KZ,1730175853
134,nieves,15.3274,120.9485,29.58,74,100,4.2,PH,1730176124
135,vilhena,-12.7406,-60.1458,21.48,93,55,1.4,BR,1730175622
136,arraial do cabo,-22.9661,-42.0278,21.63,86,100,5.53,BR,1730176126
137,touros,-5.1989,-35.4608,25.4,73,10,6.05,BR,1730176127
138,ancud,-41.8697,-73.8203,8.93,92,38,2.01,CL,1730176128
139,lihue,21.9789,-159.3672,24.3,89,100,6.97,US,1730176129
140,tamiahua,21.2667,-97.45,22.41,88,83,1.14,MX,1730176131
141,anadyr,64.75,177.4833,-7.72,86,0,4.0,RU,1730176132
142,hermanus,-34.4187,19.2345,16.0,87,34,2.93,ZA,1730176133
143,severo-yeniseyskiy,60.3725,93.0408,-2.35,93,100,1.19,RU,1730176134
144,saint-philippe,-21.3585,55.7679,24.6,74,5,3.73,RE,1730176135
145,tobruk,32.0836,23.9764,20.18,63,12,5.41,LY,1730176136
146,tsiombe,-25.3,45.4833,27.18,63,100,3.77,MG,1730176137
147,port mathurin,-19.6833,63.4167,23.39,76,41,4.23,MU,1730176138
148,barra de santo antonio,-9.4047,-35.5072,25.3,74,87,5.29,BR,1730176140
149,nan,18.8333,100.6667,28.01,61,0,1.54,TH,1730176141
150,rongelap,11.1635,166.8941,28.81,75,77,3.54,MH,1730176143
151,petropavlovsk-kamchatsky,53.0452,158.6483,2.33,44,75,15.0,RU,1730176144
152,same,-4.0667,37.7333,20.32,74,6,0.91,TZ,1730176145
153,hithadhoo,-0.6,73.0833,27.44,78,100,4.53,MV,1730176146
154,hamilton,39.1834,-84.5333,17.77,75,40,5.66,US,1730175655
155,west island,-12.1568,96.8225,28.99,74,75,5.14,CC,1730176149
156,whitehorse,60.7161,-135.0538,-6.57,86,75,8.23,CA,1730176150
157,whangarei,-35.7317,174.3239,19.82,51,85,5.31,NZ,1730176151
158,geraldton,-28.7667,114.6,31.23,30,0,6.17,AU,1730175893
159,joshimath,30.5667,79.5667,16.93,37,0,2.05,IN,1730176061
160,chiredzi,-21.05,31.6667,26.1,55,100,1.81,ZW,1730176154
161,dzilam gonzalez,21.2833,-88.9333,23.08,94,85,2.05,MX,1730176155
162,alta,69.9689,23.2717,2.59,68,32,11.32,NO,1730176156
163,moyynkum,44.2914,72.9469,6.99,53,100,2.22,KZ,1730176158
164,christchurch,-43.5333,172.6333,13.84,69,75,7.72,NZ,1730175946
165,ebon,4.582,168.6964,28.1,72,50,2.31,MH,1730176161
166,taungdwingyi,20.0167,95.55,29.99,72,2,1.14,MM,1730176162
167,belmonte,-15.8631,-38.8828,23.24,89,9,0.71,BR,1730176163
168,mitu,1.1983,-70.1733,22.19,99,100,0.94,CO,1730176164
169,banda aceh,5.5577,95.3222,29.87,66,95,7.38,ID,1730176165
170,la sarre,48.8002,-79.1996,0.82,50,100,5.35,CA,1730176167
171,francistown,-21.17,27.5079,19.64,19,24,2.21,BW,1730176168
172,kapa'a,22.0752,-159.319,24.71,89,100,2.24,US,1730176169
173,mingshui,36.7167,117.5,20.35,39,0,2.84,CN,1730176170
174,wells beach station,43.324,-70.5914,0.41,81,2,1.21,US,1730176171
175,kirensk,57.7853,108.1119,1.1,92,91,0.23,RU,1730176172
176,ironwood,46.4547,-90.171,16.45,67,20,3.6,US,1730176173
177,bubaque,11.2833,-15.8333,28.35,69,8,3.26,GW,1730176174
178,issia,6.4922,-6.5856,22.16,100,99,0.9,CI,1730176176
179,pisco,-13.7,-76.2167,17.03,88,0,1.54,PE,1730176058
180,verkhnevilyuysk,63.4453,120.3167,-13.03,87,99,1.73,RU,1730176178
181,gejiu,23.306,103.1635,17.76,59,6,1.41,CN,1730176179
182,lebu,-37.6167,-73.65,10.35,95,30,5.25,CL,1730176180
183,madang,-5.2246,145.7966,27.86,75,100,3.19,PG,1730176181
184,alofi,-19.0595,-169.9187,26.94,69,40,6.69,NU,1730176182
185,ampanihy,-24.7,44.75,30.2,38,94,4.71,MG,1730176183
186,kambove,-10.8764,26.5969,17.92,88,95,1.2,CD,1730176185
187,maragogi,-9.0122,-35.2225,24.76,77,55,4.23,BR,1730176186
188,thinadhoo,0.5333,72.9333,28.1,72,83,5.24,MV,1730176187
189,flying fish cove,-10.4217,105.6791,27.82,78,75,5.66,CX,1730176188
190,smithers,54.7804,-127.1743,0.18,100,75,0.0,CA,1730176189
191,kyren,51.6828,102.1408,6.84,53,96,0.35,RU,1730176190
192,crescent city,41.756,-124.2018,9.16,91,75,0.0,US,1730176191
193,al ghayzah,16.2079,52.176,26.44,68,37,1.16,YE,1730176192
194,al kharijah,25.4514,30.5464,16.98,63,20,3.49,EG,1730176194
195,katsuren-haebaru,26.3369,127.8719,26.01,91,100,5.14,JP,1730176195
196,troitskoye,52.9821,84.6757,1.72,95,100,9.58,RU,1730176196
197,nuuk,64.1835,-51.7216,-2.66,74,100,1.54,GL,1730176197
198,guerrero negro,27.9769,-114.0611,18.59,88,0,7.55,MX,1730176198
199,palmer,42.1584,-72.3287,4.75,83,100,0.0,US,1730176199
200,ilulissat,69.2167,-51.1,-11.99,48,22,2.57,GL,1730176019
201,mandleshwar,22.1833,75.6667,29.29,44,6,1.9,IN,1730176201
202,rikaze,29.25,88.8833,12.0,24,2,0.45,CN,1730176203
203,ponta delgada,37.7333,-25.6667,18.44,88,75,3.6,PT,1730176204
204,santa marta,11.2408,-74.199,29.03,77,75,1.54,CO,1730176078
205,san patricio,28.017,-97.5169,25.97,75,0,6.54,US,1730176206
206,barakani,-12.1356,44.4317,26.99,77,33,6.06,KM,1730176207
207,nagqu,31.5,92.0,10.87,15,0,7.26,CN,1730176208
208,alupka,44.4167,34.05,13.97,85,70,1.69,UA,1730176209
209,recife,-8.0539,-34.8811,27.02,74,40,5.14,BR,1730176211
210,gadzhiyevo,69.2551,33.3362,2.48,74,22,11.9,RU,1730176090
211,shchigry,51.8755,36.9043,7.54,89,100,2.57,RU,1730176216
212,kone,-21.0595,164.8658,25.69,66,95,4.13,NC,1730176217
213,kuala lipis,4.1842,102.0468,35.18,42,98,0.86,MY,1730176219
214,cabo san lucas,22.8909,-109.9124,25.76,62,1,5.19,MX,1730176220
215,suoyarvi,62.0833,32.35,2.73,84,81,4.16,RU,1730176221
216,parabel',58.6978,81.4825,1.25,81,100,3.83,RU,1730176222
217,chios,38.3678,26.1358,19.92,32,0,3.6,GR,1730176223
218,lycksele,64.5954,18.6735,-0.07,74,20,0.0,SE,1730176216
219,menongue,-14.6585,17.691,18.47,48,28,1.78,AO,1730176225
220,rabaul,-4.1967,152.1721,29.92,67,19,1.33,PG,1730176227
221,inda silase,14.1031,38.2829,19.03,63,8,1.9,ET,1730176228
222,port lincoln,-34.7333,135.8667,17.72,58,0,3.96,AU,1730176230
223,bathurst,-33.4166,149.5806,26.09,39,4,3.13,AU,1730176231
224,huautla de jimenez,18.1315,-96.8409,13.6,97,100,0.52,MX,1730176232
225,lompoc,34.6391,-120.4579,14.45,82,100,7.72,US,1730176233
226,wanganui,-39.9333,175.05,14.67,66,87,6.34,NZ,1730176234
227,nurota,40.5614,65.6886,7.48,64,0,2.13,UZ,1730176236
228,nemuro,43.3236,145.575,10.21,52,4,4.07,JP,1730176237
229,lesnoy,57.6198,63.0784,0.91,78,99,1.56,RU,1730176238
230,daqing,46.5833,125.0,10.34,48,100,3.3,CN,1730175995
231,guarapari,-20.6667,-40.4975,21.33,96,100,2.48,BR,1730176036
232,calbuco,-41.768,-73.1273,11.55,85,64,6.91,CL,1730176242
233,stornoway,58.2093,-6.3865,10.05,95,100,2.57,GB,1730176243
234,grand falls-windsor,48.9332,-55.6649,-1.94,90,35,2.2,CA,1730176245
235,tommot,58.9564,126.2925,-2.49,88,100,2.22,RU,1730176246
236,bengkulu,-3.8004,102.2655,30.06,64,8,4.55,ID,1730176241
237,xilin hot,43.9667,116.0333,7.57,56,6,5.23,CN,1730176248
238,mantua,45.1667,10.7833,12.77,97,4,1.34,IT,1730176249
239,san antonio,29.4241,-98.4936,24.92,80,0,6.17,US,1730175680
240,kingston,17.997,-76.7936,28.53,84,20,3.09,JM,1730175986
241,beboto,8.2668,16.939,21.17,67,19,0.49,TD,1730176253
242,santa ana,33.7456,-117.8678,17.26,79,75,2.24,US,1730176035
243,yar,58.249,52.1026,2.11,94,100,3.41,RU,1730176255
244,mombetsu,44.3525,143.3525,11.01,62,75,3.09,JP,1730176256
245,nabire,-3.3667,135.4833,30.51,65,39,2.71,ID,1730176258
246,quellon,-43.1167,-73.6167,8.57,94,39,2.69,CL,1730176120
247,tura,25.5198,90.2201,28.17,66,22,2.11,IN,1730176261
248,kaduna,10.5222,7.4383,20.0,38,9,2.29,NG,1730176099
249,malmesbury,-33.4608,18.7271,14.13,89,4,2.13,ZA,1730176264
250,punta arenas,-53.15,-70.9167,6.06,87,40,4.63,CL,1730176265
251,georgetown,5.4112,100.3354,26.97,89,40,2.24,MY,1730176220
252,mandimba,-14.3548,35.6515,26.51,51,18,5.26,MZ,1730176269
253,fada n'gourma,12.0622,0.3578,24.55,40,95,1.61,BF,1730176270
254,vanino,49.0869,140.2543,7.86,41,6,3.42,RU,1730176271
255,hobyo,5.3505,48.5268,26.47,76,99,2.05,SO,1730176272
256,esens,53.6487,7.6127,13.3,91,100,2.57,DE,1730176273
257,road town,18.4167,-64.6167,28.12,75,69,6.89,VG,1730176274
258,woolgoolga,-30.1106,153.2007,19.93,68,51,5.09,AU,1730176275
259,novyy turtkul',41.55,61.0167,10.29,41,29,2.27,UZ,1730176276
260,richards bay,-28.783,32.0377,20.25,82,0,4.61,ZA,1730176048
261,kingscliff,-28.2667,153.5667,25.89,61,2,7.72,AU,1730176279
262,arroyito,-31.4202,-63.05,21.06,55,5,1.79,AR,1730176280
263,palangkaraya,-2.2,113.8333,36.91,34,55,2.14,ID,1730176281
264,uturoa,-16.7333,-151.4333,25.42,74,44,9.47,PF,1730176282
265,altay,47.8667,88.1167,4.68,34,90,5.02,CN,1730176284
266,cavinti,14.2448,121.508,26.93,77,100,6.09,PH,1730176285
267,chadron,42.8294,-102.9999,10.82,46,100,2.57,US,1730176286
268,happy valley-goose bay,53.3168,-60.3315,-0.83,69,75,3.6,CA,1730176088
269,khanbari,27.3747,87.2039,26.6,68,74,1.33,NP,1730176289
270,al harithah,30.7186,47.7208,8.98,40,0,4.12,IQ,1730176290
271,jaisalmer,26.9147,70.9181,33.7,22,0,4.69,IN,1730176291
272,as sulayyil,20.4607,45.5779,24.29,36,66,5.39,SA,1730176292
273,borogontsy,62.6683,131.1683,-13.1,86,82,2.53,RU,1730176293
274,tralee,52.2704,-9.7026,10.31,96,93,1.42,IE,1730176294
275,banska bystrica,48.5,19.5,8.61,85,1,1.7,SK,1730176295
276,tanumah,27.1,44.1333,20.27,37,1,3.76,SA,1730176297
277,ola,59.5833,151.2833,-6.0,54,100,6.26,RU,1730176298
278,timberlake,37.3207,-79.2575,11.98,82,100,0.0,US,1730176299
279,puerto baquerizo moreno,-0.9,-89.6,19.88,81,91,4.66,EC,1730176207
280,namibe,-15.1961,12.1522,17.8,83,4,0.56,AO,1730176301
281,jefferson city,38.5767,-92.1735,27.16,42,0,6.71,US,1730176088
282,marshfield,44.6689,-90.1718,15.25,63,75,4.12,US,1730176303
283,banyo,6.75,11.8167,18.85,77,54,1.43,CM,1730176305
284,corinto,37.9407,22.9573,16.34,48,5,1.3,GR,1730176306
285,brookings,44.3114,-96.7984,14.54,61,0,2.06,US,1730176017
286,pingxiang,27.6167,113.85,22.1,53,100,2.22,CN,1730176308
287,pulsano,40.3821,17.3564,18.6,85,15,2.96,IT,1730176309
288,itaituba,-4.2761,-55.9836,24.79,46,81,0.32,BR,1730176310
289,klaksvik,62.2266,-6.589,9.95,84,93,10.82,FO,1730176311
290,constantia,44.1833,28.65,10.39,86,24,4.82,RO,1730176312
291,dunaujvaros,46.9833,18.9333,10.46,92,83,2.68,HU,1730176314
292,at taj,24.2049,23.2857,15.1,58,0,3.23,LY,1730176315
293,gulf shores,30.246,-87.7008,24.45,77,0,1.34,US,1730176317
294,abepura,-2.6333,140.5833,31.45,62,20,3.09,ID,1730176318
295,wailea,19.8858,-155.123,24.57,89,40,1.54,US,1730176319
296,dudinka,69.4058,86.1778,-9.5,97,88,2.79,RU,1730176320
297,santana do mundau,-9.1681,-36.2222,21.44,84,59,2.08,BR,1730176321
298,aasiaat,68.7098,-52.8699,-18.63,87,38,2.74,GL,1730176323
299,guadalajara,20.6667,-103.3333,14.87,77,0,0.0,MX,1730176138
300,borisoglebskiy,57.2586,39.1508,4.98,88,100,3.21,RU,1730176325
301,sparti,37.0733,22.4297,15.53,25,41,2.13,GR,1730176326
302,plastun,44.7561,136.2939,10.4,47,28,1.95,RU,1730176327
303,igarka,67.4667,86.5833,-5.14,96,97,2.6,RU,1730176328
304,san pedro,14.35,121.0167,30.7,73,40,5.14,PH,1730176329
305,surazh,53.0175,32.3918,3.71,87,61,3.26,RU,1730176330
306,mitchell,43.7094,-98.0298,10.99,58,0,2.06,US,1730176333
307,le port,-20.9373,55.2919,27.45,82,13,0.87,RE,1730176334
308,vilyuysk,63.7553,121.6247,-13.59,89,100,2.43,RU,1730176335
309,calderitas,18.55,-88.25,25.15,88,99,3.67,MX,1730176336
310,ta`u,-14.2336,-169.5144,26.8,80,21,8.57,AS,1730176337
311,greenville,35.6127,-77.3663,8.96,95,0,0.0,US,1730176137
312,matamba,-8.9833,33.9667,19.71,60,4,0.77,TZ,1730176339
313,vernon,50.2581,-119.2691,7.18,88,88,1.54,CA,1730176341
314,st. john's,47.5649,-52.7093,2.86,85,20,4.12,CA,1730176344
315,maloye ganyushkino,46.6,49.2667,8.98,68,94,1.3,KZ,1730176345
316,uige,-7.6087,15.0613,20.4,93,100,0.62,AO,1730176347
317,coquimbo,-29.9533,-71.3436,14.85,86,100,1.54,CL,1730176348
318,am timan,11.0297,20.2827,22.16,38,8,1.46,TD,1730176350
319,ketchikan,55.3422,-131.6461,6.54,81,100,2.06,US,1730176274
320,garissa,-0.4536,39.6401,25.93,72,91,4.96,KE,1730176352
321,campo mourao,-24.0456,-52.3831,20.69,73,22,1.65,BR,1730176353
322,mana,5.6592,-53.7767,25.43,81,100,3.85,GF,1730176354
323,homer,59.6425,-151.5483,4.89,93,100,4.47,US,1730176227
324,gorontalo,0.5412,123.0595,32.88,50,61,3.52,ID,1730176356
325,kani keli,-12.9536,45.1033,27.59,76,81,4.47,YT,1730176357
326,port alfred,-33.5906,26.891,15.1,96,73,3.13,ZA,1730176359
327,klyuchi,52.2667,79.1667,1.13,90,100,9.18,RU,1730176360
328,berezovyy,51.6667,135.7,6.55,39,25,2.67,RU,1730176361
329,dryden,49.7833,-92.7503,9.16,81,20,3.6,CA,1730176076
330,snowflake,34.5134,-110.0785,16.62,41,40,6.93,US,1730176363
331,fale old settlement,-9.3852,-171.2468,28.4,73,50,3.42,TK,1730176364
332,fujin,47.26,132.0322,8.26,48,100,3.44,CN,1730176365
333,kaga bandoro,6.9896,19.1874,21.42,83,31,0.16,CF,1730176366
334,portachuelo,-17.35,-63.4,22.89,78,52,0.83,BO,1730176367
335,mutuali,-14.8706,37.0044,26.74,55,23,3.38,MZ,1730176369
336,biloela,-24.4167,150.5,32.14,19,4,5.61,AU,1730176370
337,ramgarh,23.6333,85.5167,28.79,63,68,1.13,IN,1730176371
338,rabo de peixe,37.8,-25.5833,17.77,99,75,3.6,PT,1730176372
339,taoudenni,22.6783,-3.9836,22.99,30,36,4.05,ML,1730176373
340,jatiroto,-7.8833,111.1167,35.08,35,3,4.79,ID,1730176374
341,tocopilla,-22.092,-70.1979,17.68,74,27,0.76,CL,1730176377
342,faranah,10.0404,-10.7434,21.6,93,99,1.14,GN,1730176378
343,antalaha,-14.9003,50.2788,27.47,63,11,2.96,MG,1730176379
344,mitsamiouli,-11.3847,43.2844,27.16,80,7,6.2,KM,1730176380
345,armacao de buzios,-22.7469,-41.8817,21.42,89,100,4.32,BR,1730176381
346,paramirim,-13.4425,-42.2389,21.65,68,52,1.9,BR,1730176382
347,mirnyy,62.5353,113.9611,-13.25,89,97,0.94,RU,1730176383
348,saint-joseph,-21.3667,55.6167,26.21,68,4,3.8,RE,1730176386
349,hasaki,35.7333,140.8333,18.02,78,100,7.74,JP,1730176387
350,taro,-8.3862,115.28,33.04,34,19,2.95,ID,1730176388
351,mugia,43.1041,-9.2179,11.62,85,30,9.24,ES,1730176389
352,ouadda,8.0777,22.4007,19.26,66,23,1.12,CF,1730176390
353,pangai,-19.8,-174.35,26.06,78,40,3.6,TO,1730176391
354,tazovsky,67.4667,78.7,-8.58,100,98,0.68,RU,1730176173
355,borazjan,29.2666,51.2159,22.2,21,0,0.45,IR,1730176393
356,faaa,-17.55,-149.6,26.98,61,20,1.54,PF,1730176395
357,santa cruz de la palma,28.6835,-17.7642,19.08,72,0,4.63,ES,1730176396
358,karratha,-20.7377,116.8463,35.44,36,6,5.3,AU,1730176397
359,bodo,67.28,14.405,2.75,86,75,7.72,NO,1730176398
360,catriel,-37.8791,-67.7956,25.51,17,0,3.52,AR,1730176374
361,magdagachi,53.45,125.8,2.04,61,61,0.41,RU,1730176337
362,narasannapeta,18.4167,84.05,29.72,65,50,0.66,IN,1730176401
363,prince rupert,54.3161,-130.3201,7.83,81,90,3.09,CA,1730176403
364,northam,51.0333,-4.2167,12.56,98,93,1.77,GB,1730176404
365,val-d'or,48.1002,-77.7828,2.05,41,100,6.69,CA,1730176150
366,xuanzhou,30.9525,118.7553,19.6,47,47,2.84,CN,1730176406
367,glace bay,46.1969,-59.957,2.3,96,40,2.06,CA,1730176407
368,sao joao da barra,-21.6403,-41.0511,21.77,89,100,2.74,BR,1730176217
369,piton saint-leu,-21.2196,55.3151,25.06,69,0,6.69,RE,1730176409
370,sydney,-33.8679,151.2073,24.86,53,20,7.72,AU,1730175971
371,champua,22.0833,85.6667,28.5,65,25,1.24,IN,1730176412
372,bemidji,47.4736,-94.8803,10.59,85,0,0.0,US,1730176413
373,bijie,27.3125,105.2942,18.95,60,1,3.74,CN,1730176414
374,lorengau,-2.0226,147.2712,28.82,73,94,1.77,PG,1730176416
375,island harbour,50.724,-1.2758,14.43,73,93,0.45,GB,1730176417
376,berdigestyakh,62.0989,126.6992,-10.54,91,100,1.71,RU,1730176394
377,pimenta bueno,-11.6725,-61.1936,23.15,95,78,1.49,BR,1730176419
378,saldanha,-33.0117,17.9442,14.03,85,2,6.32,ZA,1730176421
379,oeiras,-7.0253,-42.1311,27.99,34,74,2.64,BR,1730176423
380,turkestan,43.3333,68.25,8.61,51,28,0.78,KZ,1730176424
381,suva,-18.1416,178.4415,26.71,74,40,3.6,FJ,1730176425
382,axams,47.2081,11.2869,6.14,89,7,0.91,AT,1730176426
383,salina cruz,16.1667,-95.2,25.22,73,26,6.31,MX,1730176427
384,al khums,32.6486,14.2619,20.01,79,22,5.3,LY,1730176430
385,sussex,41.1834,-74.6663,7.81,79,56,0.45,US,1730176393
386,carbonear,47.7332,-53.2148,2.78,94,17,4.04,CA,1730176432
387,praia da vitoria,38.7333,-27.0667,18.14,88,40,2.67,PT,1730176433
388,san luis de la loma,17.2706,-100.8939,25.79,82,17,1.86,MX,1730176375
389,chonchi,-42.6128,-73.8092,8.95,97,64,1.24,CL,1730176435
390,mishan,45.55,131.8833,7.47,67,100,4.8,CN,1730176436
391,loikaw,19.6742,97.2094,28.09,65,0,0.72,MM,1730176438
392,tilcara,-23.5776,-65.3509,8.3,74,26,1.05,AR,1730176439
393,la fria,8.2203,-72.2439,24.52,73,83,1.49,VE,1730176440
394,cidreira,-30.1811,-50.2056,20.26,87,13,5.91,BR,1730176441
395,bardstown,37.8092,-85.4669,18.7,89,0,2.06,US,1730176355
396,new norfolk,-42.7826,147.0587,20.95,51,58,3.3,AU,1730176443
397,padangsidempuan,1.3667,99.2667,31.56,50,97,2.19,ID,1730176444
398,chinde,26.8212,87.7095,26.53,72,22,2.28,NP,1730176445
399,arawa,-6.2132,155.5367,29.94,72,14,1.29,PG,1730176447
400,haiku-pauwela,20.9219,-156.3051,25.09,80,20,13.41,US,1730176448
401,fortuna,40.5982,-124.1573,9.51,92,0,3.09,US,1730176449
402,remire-montjoly,4.9167,-52.2667,23.02,100,0,0.0,GF,1730176450
403,fort william,56.8165,-5.1121,11.84,97,100,1.98,GB,1730176451
404,emerald,-23.5333,148.1667,33.0,16,0,6.12,AU,1730176452
405,mil'kovo,55.6078,37.7956,6.86,50,72,3.77,RU,1730176453
406,sharlyk,52.9167,54.75,2.96,62,100,0.42,RU,1730176337
407,sabang,5.8933,95.3214,28.28,76,75,8.78,ID,1730176456
408,santa vitoria do palmar,-33.5189,-53.3681,14.64,95,0,1.98,BR,1730176457
409,poxoreo,-15.8372,-54.3892,22.54,93,94,0.84,BR,1730176458
410,egilsstadir,65.2653,-14.3948,5.95,70,75,2.06,IS,1730176459
411,quzhou,28.9594,118.8686,21.91,58,90,3.89,CN,1730176460
412,laojunmiao,39.8333,97.7333,7.44,36,99,2.7,CN,1730176429
413,basse-terre,16.1667,-61.6667,23.58,94,39,0.0,GP,1730176397
414,adrar,20.5022,-10.0711,20.83,38,94,4.11,MR,1730176463
415,ulan bator,47.9077,106.8832,1.07,75,75,5.0,MN,1730176291
416,cochin,9.9399,76.2602,28.27,69,65,1.63,IN,1730176467
417,saint-denis,48.9167,2.3333,11.77,99,100,1.54,FR,1730176468
418,magistral'nyy,56.1725,107.4458,3.68,76,97,0.62,RU,1730176469
419,richmond,37.5538,-77.4603,8.85,88,75,0.0,US,1730176200
420,huanren,41.2647,125.3667,10.28,89,100,1.41,CN,1730176471
421,popondetta,-8.7537,148.2534,28.46,71,98,2.27,PG,1730176221
422,chingirlau,51.095,54.0814,3.13,60,77,1.14,KZ,1730176474
423,komoro,36.3167,138.4333,12.07,78,100,3.02,JP,1730176475
424,sinabang,2.4803,96.3801,30.55,64,89,0.98,ID,1730176476
425,weno,7.4515,151.8468,31.97,70,40,4.12,FM,1730176248
426,centerville,39.6284,-84.1594,16.92,73,75,4.12,US,1730176478
427,arua,3.0201,30.9111,19.7,90,89,1.38,UG,1730176480
428,salekhard,66.53,66.6019,-6.95,93,76,2.42,RU,1730176481
429,san juan de los morros,9.9115,-67.3538,21.6,92,89,1.08,VE,1730176483
430,peace river,56.2501,-117.286,-0.83,86,100,2.57,CA,1730176292
431,mbandaka,0.0487,18.2603,21.54,97,66,0.93,CD,1730176485
432,de aar,-30.6497,24.0123,10.79,85,91,4.83,ZA,1730176486
433,mamuju,-2.6748,118.8885,30.76,65,5,2.49,ID,1730176487
434,villa tecolutilla,18.2833,-93.3167,23.35,91,48,2.17,MX,1730176488
435,swakopmund,-22.6833,14.5333,12.21,85,1,1.34,NA,1730176217
436,clewiston,26.7542,-80.9337,21.11,69,100,5.04,US,1730176490
437,taco pozo,-25.6167,-63.2833,22.78,37,0,2.13,AR,1730176492
438,el calafate,-50.3408,-72.2768,6.99,84,17,3.41,AR,1730176493
439,mount pearl,47.5166,-52.7813,2.4,88,20,4.12,CA,1730176446
440,lochgelly,56.1283,-3.3096,12.28,95,93,2.24,GB,1730176495
441,botshabelo,-29.2702,26.7052,12.12,65,66,4.35,ZA,1730176496
442,arar,30.9753,41.0381,14.01,30,0,3.09,SA,1730176497
443,vradiyivka,47.862,30.5919,8.67,84,80,3.28,UA,1730176498
444,kenora,49.8167,-94.4337,9.54,81,20,3.09,CA,1730176500
445,prainha,-1.8,-53.48,25.9,58,53,1.23,BR,1730176501
446,volosovo,59.4333,29.4833,3.49,85,43,3.34,RU,1730176337
447,watseka,40.7762,-87.7364,20.61,57,100,8.3,US,1730176455
448,hilo,19.7297,-155.09,24.85,91,40,1.54,US,1730176504
449,pangody,65.85,74.4859,-4.35,95,100,2.6,RU,1730176505
450,soio,-6.1349,12.3689,24.68,85,91,3.22,AO,1730176506
451,yunak,38.8142,31.7322,6.16,49,1,1.32,TR,1730176507
452,baoshan,46.5586,131.4244,8.95,50,100,2.76,CN,1730176509
453,danilovgrad,42.5538,19.1461,11.87,71,100,2.41,ME,1730176510
454,kulhudhuffushi,6.6221,73.07,27.3,81,24,7.2,MV,1730176511
455,montepuez,-13.1256,38.9997,25.88,62,28,3.75,MZ,1730176512
456,teguise,29.0605,-13.564,16.12,77,0,3.09,ES,1730176513
457,qurayyat,31.3318,37.3428,11.1,50,0,0.0,SA,1730176514
458,callao,-12.0667,-77.15,17.16,82,75,5.14,PE,1730176072
459,okhotsk,59.3833,143.3,-7.76,66,73,6.27,RU,1730176518
460,galesong,-5.3166,119.3661,31.67,59,16,6.44,ID,1730176519
461,purpe,64.4803,76.6897,-2.89,97,99,2.8,RU,1730176520
462,houghton,47.1219,-88.569,16.01,68,40,3.6,US,1730176467
463,pingliang,35.5392,106.6861,15.84,49,40,6.16,CN,1730176229
464,luena,-11.7833,19.9167,18.09,81,96,1.74,AO,1730176523
465,argo,37.6333,22.7333,16.03,33,18,2.28,GR,1730176524
466,mar del plata,-38.0023,-57.5575,19.37,70,5,1.79,AR,1730175953
467,aripuana,-9.1667,-60.6333,23.03,88,93,0.95,BR,1730176527
468,volney,43.3428,-76.3577,6.4,67,0,4.58,US,1730176528
469,portland,45.5234,-122.6762,10.19,94,75,0.45,US,1730176503
470,likiep,9.8251,169.3107,28.94,74,53,4.51,MH,1730176530
471,morrinhos,-17.7311,-49.0994,20.73,91,100,1.29,BR,1730176435
472,srandakan,-7.9386,110.2506,30.09,61,12,5.59,ID,1730176532
473,nizhnegorskiy,45.4479,34.7384,13.09,72,93,1.31,UA,1730176533
474,goor,52.2333,6.5861,13.37,96,100,0.89,NL,1730176535
475,whakatane,-37.9585,176.9854,14.3,89,100,6.35,NZ,1730176360
476,fort bragg,35.139,-79.006,11.56,88,0,0.0,US,1730176537
477,sibiti,-3.6819,13.3499,21.32,98,100,0.56,CG,1730176538
478,yuzhno-kurilsk,44.0306,145.8556,9.68,48,19,2.19,RU,1730176539
479,ormara,25.2088,64.6357,28.98,47,0,1.5,PK,1730176540
480,nchelenge,-9.3451,28.734,22.82,78,23,0.62,ZM,1730176541
481,bardai,11.65,7.2333,20.47,26,4,3.75,NG,1730176542
482,prince george,53.9166,-122.753,0.9,97,0,3.09,CA,1730176544
483,itupiranga,-5.1347,-49.3267,27.26,46,70,0.6,BR,1730176321
484,iguape,-24.7081,-47.5553,20.01,92,98,1.24,BR,1730176546
485,izluchinsk,60.9794,76.9242,-0.99,80,73,3.07,RU,1730176547
486,barclayville,4.6797,-8.2339,23.66,96,100,1.66,LR,1730176548
487,praia,14.9215,-23.5087,24.18,72,30,5.52,CV,1730176549
488,horby,50.0468,32.4907,6.92,82,99,3.13,UA,1730176550
489,swift current,50.2834,-107.8014,2.45,75,0,4.63,CA,1730176551
490,siluko,6.5386,5.1609,23.01,99,99,0.15,NG,1730176553
491,zalesovo,53.9939,84.7431,1.74,96,100,7.81,RU,1730176554
492,paraty,-23.2178,-44.7131,19.88,96,94,1.08,BR,1730176555
493,vikulovo,56.8167,70.6107,0.28,80,90,2.67,RU,1730176336
494,shibetsu,43.659,145.132,12.39,43,75,3.09,JP,1730176557
495,basco,20.4487,121.9702,27.33,87,100,16.93,PH,1730176558
496,itoman,26.1247,127.6694,26.01,94,75,8.23,JP,1730176559
497,mammoth lakes,37.6485,-118.9721,0.4,65,75,7.2,US,1730176560
498,merizo village,13.2658,144.6691,31.1,85,100,3.2,GU,1730176562
499,na wa,17.4897,104.1006,22.38,84,100,0.53,TH,1730176563
500,el granada,37.5027,-122.4694,13.33,82,20,8.75,US,1730176564
501,sultanah,24.4926,39.5857,23.25,64,0,4.63,SA,1730176566
502,cimislia,46.52,28.7842,8.49,91,8,3.71,MD,1730176567
503,acarau,-2.8856,-40.12,25.85,78,7,7.3,BR,1730176569
504,puerto santa,-8.9906,-78.6456,17.15,89,92,3.58,PE,1730176570
505,cherepovets,59.1333,37.9,4.9,100,75,2.0,RU,1730176571
506,pagar alam,-4.0167,103.2667,31.79,43,18,0.89,ID,1730176572
507,linxia chengguanzhen,35.6003,103.2064,12.18,51,99,2.94,CN,1730176573
508,gallup,35.5281,-108.7426,15.91,39,75,6.69,US,1730176574
509,pader palwo,2.8006,33.135,22.07,77,30,1.43,UG,1730176575
510,yulinshi,38.2906,109.7494,16.69,39,1,3.6,CN,1730176576
511,sao vicente,-23.9631,-46.3919,20.55,26,100,1.12,BR,1730176333
512,bel ombre,-4.6167,55.4167,28.91,65,20,1.54,SC,1730176580
513,zakamensk,50.3741,103.2863,6.93,55,97,1.32,RU,1730176581
514,svit,49.0601,20.2069,6.88,93,20,2.57,SK,1730176582
515,soure,-0.7167,-48.5233,26.56,78,70,4.07,BR,1730176583
516,zambezi,-13.5432,23.1047,21.02,71,98,2.13,ZM,1730176584
517,mawlamyinegyunn,16.3833,95.2667,30.93,71,27,3.18,MM,1730176586
518,katsuura,35.1333,140.3,18.44,88,100,6.73,JP,1730176587
519,cadale,2.7603,46.3222,26.04,77,32,2.88,SO,1730176588
520,dunedin,-45.8742,170.5036,11.56,74,80,3.04,NZ,1730176589
521,puerto aysen,-45.4,-72.7,9.74,99,97,1.83,CL,1730176591
522,oyama,36.3,139.8,16.22,54,100,3.4,JP,1730176503
523,kovdor,67.5662,30.4758,0.15,73,77,5.19,RU,1730176394
524,sur,22.5667,59.5289,30.33,56,0,4.43,OM,1730176595
525,mezhdurechenskiy,59.6,65.9333,0.65,84,99,2.29,RU,1730176596
526,bathsheba,13.2167,-59.5167,26.34,94,20,1.54,BB,1730176599
527,undurkhaan,47.3194,110.6556,4.98,62,38,3.43,MN,1730176600
528,mejit,10.2753,170.8646,28.92,76,94,5.97,MH,1730176602
529,dalai,45.5,124.3,12.9,40,93,3.58,CN,1730176603
530,serowe,-22.3833,26.7167,19.53,14,100,4.53,BW,1730176605
531,elhovo,42.1667,26.5667,12.22,55,6,1.18,BG,1730176606
532,riverton,40.5219,-111.9391,7.58,81,100,7.6,US,1730176607
533,labrador city,52.9463,-66.9114,-8.23,83,0,31.29,CA,1730176608
534,ust'-kulom,61.6864,53.6902,1.61,83,100,3.11,RU,1730176609
535,meadow lakes,61.6247,-149.6011,-0.77,94,100,3.6,US,1730176498
536,san antonio de pale,-1.4014,5.6325,25.39,83,100,5.47,GQ,1730176612
537,kolonia town,6.964,158.206,33.0,70,75,5.14,FM,1730176613
538,shelton,41.3165,-73.0932,11.38,83,20,2.57,US,1730176614
539,hammerfest,70.6634,23.6821,3.25,70,75,14.4,NO,1730176615
540,hassi messaoud,31.6804,6.0729,20.92,40,40,2.57,DZ,1730176616
541,eforie sud,44.0229,28.6494,12.97,86,13,4.92,RO,1730176617
542,mohr,54.3528,9.7167,13.31,97,100,3.6,DE,1730176620
543,pop,40.8736,71.1089,10.67,61,48,2.51,UZ,1730176621
544,letlhakeng,-24.0944,25.0298,14.58,46,0,5.4,BW,1730176622
545,shimokizukuri,40.8061,140.3861,14.5,52,5,1.16,JP,1730176623
546,gamba,-2.65,10.0,24.47,91,97,2.58,GA,1730176624
547,klimavichy,53.6135,31.9385,3.08,92,72,3.12,BY,1730176625
548,ambovombe,-25.1667,46.0833,28.69,52,100,3.67,MG,1730176626
549,ambon,-3.6954,128.1814,32.08,66,20,2.06,ID,1730176627
550,kuanda,56.3161,116.0806,-2.18,84,99,0.65,RU,1730176629
551,obonoma,4.7084,6.7931,24.54,93,100,1.53,NG,1730176630
552,aykhal,66.0,111.5,-17.87,98,96,2.31,RU,1730176631
553,san carlos del zulia,9.0,-71.9135,24.0,94,100,1.58,VE,1730176632
554,magadan,59.5667,150.8,-6.04,53,100,5.14,RU,1730176633
555,dolores,-36.3132,-57.6792,16.47,69,2,4.13,AR,1730176634
556,pitimbu,-7.4706,-34.8086,25.3,78,77,6.82,BR,1730176635
557,al hillah,32.4801,44.4353,20.33,25,0,3.26,IQ,1730176636
558,howrah,22.5892,88.3103,32.0,66,20,0.0,IN,1730176637
559,nuku'alofa,-21.1333,-175.2,27.19,83,20,2.57,TO,1730176530
560,zarnesti,45.3,26.8667,9.6,87,15,1.99,RO,1730176641
561,maun,-19.9833,23.4167,16.98,22,0,3.09,BW,1730176642
562,zyryanskoye,56.8306,86.6258,3.72,90,100,4.25,RU,1730176643
563,saint-francois,46.4154,3.9054,8.71,100,100,0.51,FR,1730176644
